feature_names,importance
volume_imbalance_mean_300,678.2
wap_mean,884.4
stock_id,918.2
total_volume_mean,979.6
bid_spread_mean,999.8
total_volume_mean_300,1029.4
volume_imbalance_mean,1100.2
ask_spread_mean_300,1126.6
bid_spread_mean_300,1167.6
ask_spread_mean,1209.4
wap_mean_300,1305.4
price_spread_mean_300,1628.4
wap_balance_mean_300,1808.4
price_spread_mean,1975.8
wap_balance_mean,2303.6
log_return2_realized_volatility_300,2651.4
log_return2_realized_volatility,2721.6
log_return_realized_volatility_300,3255.0
stock_id_target_enc,3466.4
log_return_realized_volatility,3608.6
